intervalles,annee,valeur
p0p10,1970,2811.1
p0p10,1971,2949.8
p0p10,1972,3107.5
p0p10,1973,3215.4
p0p10,1974,3191.9
p0p10,1975,3155
p0p10,1976,3372.4
p0p10,1977,3611.9
p0p10,1978,3783.9
p0p10,1979,3934
p0p10,1980,3886.2
p0p10,1981,3873.6
p0p10,1982,3944.1
p0p10,1983,4015.2
p0p10,1984,4047.5
p0p10,1985,4069.1
p0p10,1986,4063.4
p0p10,1987,4142.6
p0p10,1988,4195.8
p0p10,1989,3877
p0p10,1990,3499.1
p0p10,1991,3025.1
p0p10,1992,2993.8
p0p10,1993,2856.3
p0p10,1994,2681.7
p0p10,1995,2728.9
p0p10,1996,2720.8
p0p10,1997,2730.1
p0p10,1998,2871.1
p0p10,1999,3012.2
p0p10,2000,2879.3
p0p10,2001,2962.6
p0p10,2002,3008.8
p0p10,2003,3029.9
p0p10,2004,3137.5
p0p10,2005,3386.9
p0p10,2006,3382.5
p0p10,2007,3221.7
p0p10,2008,2892.9
p0p10,2009,2492.3
p0p10,2010,1860.7
p0p10,2011,1982.9
p0p10,2012,2057.3
p0p10,2013,2096.2
p0p10,2014,2109.1
p10p20,1970,4718.2
p10p20,1971,5025.1
p10p20,1972,5373.1
p10p20,1973,5645.9
p10p20,1974,5693.2
p10p20,1975,5714.6
p10p20,1976,6091.4
p10p20,1977,6526.3
p10p20,1978,6836.4
p10p20,1979,7095.6
p10p20,1980,7022.9
p10p20,1981,7011.7
p10p20,1982,7145.7
p10p20,1983,7289.5
p10p20,1984,7380
p10p20,1985,7364.5
p10p20,1986,7298.7
p10p20,1987,7370.6
p10p20,1988,7382.4
p10p20,1989,7232.7
p10p20,1990,6966.7
p10p20,1991,6515.6
p10p20,1992,6138.7
p10p20,1993,5978.6
p10p20,1994,5647
p10p20,1995,5785.7
p10p20,1996,5643.8
p10p20,1997,5579.6
p10p20,1998,5730.8
p10p20,1999,6204.2
p10p20,2000,6167.6
p10p20,2001,6375.4
p10p20,2002,6583.2
p10p20,2003,6691.2
p10p20,2004,6996
p10p20,2005,7401
p10p20,2006,7334.6
p10p20,2007,7077.8
p10p20,2008,6652.3
p10p20,2009,6009.9
p10p20,2010,4798.3
p10p20,2011,5103.4
p10p20,2012,5265
p10p20,2013,5364.3
p10p20,2014,5401.5
p20p30,1970,6503.5
p20p30,1971,7012.8
p20p30,1972,7590.3
p20p30,1973,8078.4
p20p30,1974,8252.8
p20p30,1975,8391.4
p20p30,1976,8822.2
p20p30,1977,9343.1
p20p30,1978,9684.5
p20p30,1979,9934.4
p20p30,1980,9913.7
p20p30,1981,9968.1
p20p30,1982,10215.7
p20p30,1983,10500.2
p20p30,1984,10738.9
p20p30,1985,11238.3
p20p30,1986,11716.1
p20p30,1987,12461.3
p20p30,1988,13202.2
p20p30,1989,12950.1
p20p30,1990,12462.3
p20p30,1991,11480.4
p20p30,1992,10581.2
p20p30,1993,10525
p20p30,1994,10457.6
p20p30,1995,10726.9
p20p30,1996,10119.2
p20p30,1997,9668.4
p20p30,1998,10017.9
p20p30,1999,10706.8
p20p30,2000,11056.4
p20p30,2001,11694.5
p20p30,2002,12150.1
p20p30,2003,12533.3
p20p30,2004,13426
p20p30,2005,14175.2
p20p30,2006,14171.1
p20p30,2007,13805.6
p20p30,2008,13138.9
p20p30,2009,11937.4
p20p30,2010,10077.9
p20p30,2011,10861
p20p30,2012,11320.1
p20p30,2013,11532
p20p30,2014,11634.6
p30p40,1970,10119.7
p30p40,1971,10916.3
p30p40,1972,11820.9
p30p40,1973,12599.1
p30p40,1974,12876.7
p30p40,1975,13090.3
p30p40,1976,14061
p30p40,1977,15262.1
p30p40,1978,16232.1
p30p40,1979,17025.9
p30p40,1980,16950.2
p30p40,1981,16963.9
p30p40,1982,17261.2
p30p40,1983,17680.3
p30p40,1984,18107.6
p30p40,1985,18196.9
p30p40,1986,18264.1
p30p40,1987,18653.9
p30p40,1988,18985.8
p30p40,1989,19522.9
p30p40,1990,19658.2
p30p40,1991,19423.1
p30p40,1992,18554
p30p40,1993,17970.9
p30p40,1994,17240.7
p30p40,1995,18284.4
p30p40,1996,17821.3
p30p40,1997,17280.7
p30p40,1998,16792.2
p30p40,1999,17577.2
p30p40,2000,18119.2
p30p40,2001,17894.8
p30p40,2002,18688.5
p30p40,2003,19742.9
p30p40,2004,21478
p30p40,2005,23675.6
p30p40,2006,25361.3
p30p40,2007,26579.2
p30p40,2008,25064.4
p30p40,2009,21894.6
p30p40,2010,18781.1
p30p40,2011,20935.8
p30p40,2012,21973.4
p30p40,2013,22363
p30p40,2014,22638.6
p40p50,1970,12463.9
p40p50,1971,13319.5
p40p50,1972,14313.6
p40p50,1973,15157.8
p40p50,1974,15326.7
p40p50,1975,15402.4
p40p50,1976,15795.2
p40p50,1977,16375.9
p40p50,1978,16722.7
p40p50,1979,16886.7
p40p50,1980,16511.7
p40p50,1981,16102.5
p40p50,1982,15930.3
p40p50,1983,15941.5
p40p50,1984,15993.4
p40p50,1985,15964.2
p40p50,1986,15940.6
p40p50,1987,16041.9
p40p50,1988,16069.5
p40p50,1989,17622.3
p40p50,1990,18918.8
p40p50,1991,19445.6
p40p50,1992,21301.4
p40p50,1993,20327.5
p40p50,1994,21114
p40p50,1995,20556.1
p40p50,1996,19626.8
p40p50,1997,18414
p40p50,1998,18099.7
p40p50,1999,19737.1
p40p50,2000,21118.2
p40p50,2001,21427.2
p40p50,2002,24114.6
p40p50,2003,25571.5
p40p50,2004,27722.4
p40p50,2005,29078.9
p40p50,2006,30112.8
p40p50,2007,30643.6
p40p50,2008,30013.3
p40p50,2009,26895.4
p40p50,2010,22913.5
p40p50,2011,22615.4
p40p50,2012,23458.5
p40p50,2013,23822.2
p40p50,2014,24165.6
p50p60,1970,8592.6
p50p60,1971,9240
p50p60,1972,10019.5
p50p60,1973,10718.5
p50p60,1974,10904.2
p50p60,1975,11032.9
p50p60,1976,11386.8
p50p60,1977,11868.2
p50p60,1978,12224.1
p50p60,1979,12460.7
p50p60,1980,12774.2
p50p60,1981,13063.2
p50p60,1982,13549.7
p50p60,1983,14222
p50p60,1984,14979.3
p50p60,1985,15685.7
p50p60,1986,16448
p50p60,1987,17376.4
p50p60,1988,18302
p50p60,1989,18849.6
p50p60,1990,18842.9
p50p60,1991,19882.7
p50p60,1992,20577.3
p50p60,1993,20155.6
p50p60,1994,22264.3
p50p60,1995,23976
p50p60,1996,24274.5
p50p60,1997,24953.9
p50p60,1998,24206.9
p50p60,1999,25120
p50p60,2000,25730.4
p50p60,2001,25541.6
p50p60,2002,25508.7
p50p60,2003,24892.8
p50p60,2004,24681.5
p50p60,2005,29871
p50p60,2006,30609.8
p50p60,2007,27456.9
p50p60,2008,26012.8
p50p60,2009,26044.5
p50p60,2010,24558.3
p50p60,2011,23423.7
p50p60,2012,23010.5
p50p60,2013,23373.1
p50p60,2014,23672.6
p60p70,1970,11340.7
p60p70,1971,12300.6
p60p70,1972,13456.1
p60p70,1973,14517.8
p60p70,1974,14880.2
p60p70,1975,15159.2
p60p70,1976,15501.7
p60p70,1977,16034.2
p60p70,1978,16400.7
p60p70,1979,16586.9
p60p70,1980,17189
p60p70,1981,17708.2
p60p70,1982,18458.1
p60p70,1983,19520.9
p60p70,1984,20767.1
p60p70,1985,21501.5
p60p70,1986,22300.2
p60p70,1987,23128.2
p60p70,1988,23853.8
p60p70,1989,25805.7
p60p70,1990,27141.2
p60p70,1991,25164.5
p60p70,1992,24496.4
p60p70,1993,26741.5
p60p70,1994,27970.3
p60p70,1995,28392.6
p60p70,1996,27809.6
p60p70,1997,28912.2
p60p70,1998,28726
p60p70,1999,31278.4
p60p70,2000,32101.2
p60p70,2001,34301.1
p60p70,2002,33676.7
p60p70,2003,35633.3
p60p70,2004,40408.4
p60p70,2005,36895.5
p60p70,2006,38009.4
p60p70,2007,37363.3
p60p70,2008,34635.4
p60p70,2009,29992.2
p60p70,2010,25682.7
p60p70,2011,26958.5
p60p70,2012,27671.3
p60p70,2013,28112.5
p60p70,2014,28505.6
p70p80,1970,15087
p70p80,1971,16098.6
p70p80,1972,17455.3
p70p80,1973,18733.4
p70p80,1974,18967.4
p70p80,1975,19122.3
p70p80,1976,20006.4
p70p80,1977,21097.5
p70p80,1978,22170.9
p70p80,1979,23121.9
p70p80,1980,23633.3
p70p80,1981,23889.5
p70p80,1982,24433.9
p70p80,1983,25488.9
p70p80,1984,26847.3
p70p80,1985,28381.2
p70p80,1986,30177.4
p70p80,1987,31883.7
p70p80,1988,33531.7
p70p80,1989,35155
p70p80,1990,35197.1
p70p80,1991,34181.7
p70p80,1992,36218.7
p70p80,1993,35518.7
p70p80,1994,39494.8
p70p80,1995,41013.7
p70p80,1996,40070.1
p70p80,1997,40989.4
p70p80,1998,41081.2
p70p80,1999,43916.9
p70p80,2000,46107.1
p70p80,2001,44476.5
p70p80,2002,45923.7
p70p80,2003,43663.9
p70p80,2004,44476.1
p70p80,2005,45942.4
p70p80,2006,44767.2
p70p80,2007,45088.4
p70p80,2008,50606.6
p70p80,2009,53594.5
p70p80,2010,51265.7
p70p80,2011,53582
p70p80,2012,54572.2
p70p80,2013,55366.1
p70p80,2014,56278.4
p80p90,1970,26219.8
p80p90,1971,27109.9
p80p90,1972,29007.6
p80p90,1973,30961.6
p80p90,1974,30693.1
p80p90,1975,30399.8
p80p90,1976,30957.7
p80p90,1977,31758.7
p80p90,1978,32981.2
p80p90,1979,34114.4
p80p90,1980,35405.9
p80p90,1981,35819.6
p80p90,1982,36514.7
p80p90,1983,38399.7
p80p90,1984,41090.4
p80p90,1985,44129.4
p80p90,1986,47892.6
p80p90,1987,50757.5
p80p90,1988,53469.1
p80p90,1989,59558.2
p80p90,1990,62499.3
p80p90,1991,63521.6
p80p90,1992,65343.5
p80p90,1993,72839.5
p80p90,1994,67653.5
p80p90,1995,68936
p80p90,1996,62134.4
p80p90,1997,64492
p80p90,1998,67160.9
p80p90,1999,73064.2
p80p90,2000,77823.1
p80p90,2001,78787
p80p90,2002,75574
p80p90,2003,77926.8
p80p90,2004,77493.9
p80p90,2005,83854.1
p80p90,2006,90948.7
p80p90,2007,90015
p80p90,2008,87196.2
p80p90,2009,81688.8
p80p90,2010,81771.2
p80p90,2011,82154.8
p80p90,2012,84275.8
p80p90,2013,85399
p80p90,2014,86925.7
p90p100,1970,131149
p90p100,1971,128022.2
p90p100,1972,132682.7
p90p100,1973,138894.2
p90p100,1974,130701.9
p90p100,1975,123161.2
p90p100,1976,122428
p90p100,1977,121910.8
p90p100,1978,127781.1
p90p100,1979,134655.2
p90p100,1980,137397
p90p100,1981,132596.3
p90p100,1982,128120.9
p90p100,1983,130868.8
p90p100,1984,138011.5
p90p100,1985,148775
p90p100,1986,168596.1
p90p100,1987,181079.3
p90p100,1988,194343.9
p90p100,1989,225166.7
p90p100,1990,229497.8
p90p100,1991,228046.6
p90p100,1992,239394.6
p90p100,1993,254791.3
p90p100,1994,261486.8
p90p100,1995,272955.7
p90p100,1996,324006.8
p90p100,1997,360278.2
p90p100,1998,395248.8
p90p100,1999,440530.7
p90p100,2000,472996.5
p90p100,2001,459101.3
p90p100,2002,431229.7
p90p100,2003,433712.6
p90p100,2004,452836.1
p90p100,2005,471281
p90p100,2006,513162.7
p90p100,2007,554865.9
p90p100,2008,525125.3
p90p100,2009,531479.9
p90p100,2010,593696.7
p90p100,2011,590328.5
p90p100,2012,583038.4
p90p100,2013,599213.1
p90p100,2014,615103.4
